{"stats":{"minecraft:custom":{"minecraft:jump":24,"minecraft:time_since_rest":14182,"minecraft:damage_dealt":20,"minecraft:crouch_one_cm":97,"minecraft:deaths":1,"minecraft:leave_game":2,"minecraft:play_time":27913,"minecraft:walk_on_water_one_cm":1015,"minecraft:time_since_death":14162,"minecraft:walk_one_cm":5235,"minecraft:sneak_time":66,"minecraft:total_world_time":27913,"minecraft:walk_under_water_one_cm":3975,"minecraft:swim_one_cm":1032,"minecraft:fall_one_cm":3828,"minecraft:fly_one_cm":46489}},"DataVersion":3839}